{
  "name": "[Sub] Ferramenta - Get Schema - SQL Server",
  "nodes": [
    {
      "parameters": {
        "inputSource": "passthrough"
      },
      "type": "n8n-nodes-base.executeWorkflowTrigger",
      "typeVersion": 1.1,
      "position": [
        -220,
        -20
      ],
      "id": "6287af4b-ad7c-45ff-b989-41e84e0fdabb",
      "name": "When Executed by Another Workflow"
    },
    {
      "parameters": {
        "operation": "executeQuery",
        "query": "SELECT\n    t.name AS table_name,\n    c.name AS column_name,\n    ty.name AS data_type\nFROM\n    sys.tables AS t\nINNER JOIN\n    sys.columns AS c ON t.object_id = c.object_id\nINNER JOIN\n    sys.types AS ty ON c.user_type_id = ty.user_type_id\nWHERE\n    t.schema_id = SCHEMA_ID('dbo')\nORDER BY\n    t.name,\n    c.column_id;"
      },
      "type": "n8n-nodes-base.microsoftSql",
      "typeVersion": 1.1,
      "position": [
        140,
        -20
      ],
      "id": "ca97a49a-3354-4fff-81c7-4d0e6cb4ac91",
      "name": "Microsoft SQL",
      "credentials": {
        "microsoftSql": {
          "id": "JjXJ1x4iU3H1pVsm",
          "name": "Microsoft SQL account"
        }
      }
    }
  ],
  "pinData": {},
  "connections": {
    "When Executed by Another Workflow": {
      "main": [
        [
          {
            "node": "Microsoft SQL",
            "type": "main",
            "index": 0
          }
        ]
      ]
    }
  },
  "active": false,
  "settings": {
    "executionOrder": "v1"
  },
  "versionId": "9083d3dc-951d-4862-b375-7a61e9463b77",
  "meta": {
    "templateCredsSetupCompleted": true,
    "instanceId": "0c31374c8f1918fdb1b5b1da9916925499747b31753adaafeb21aab8910a238c"
  },
  "id": "9hEhmGsUzxyWQ2dv",
  "tags": []
}