{
  "name": "[Sub] Ferramenta - Executa Querry SQL Server",
  "nodes": [
    {
      "parameters": {
        "workflowInputs": {
          "values": [
            {
              "name": "query"
            }
          ]
        }
      },
      "type": "n8n-nodes-base.executeWorkflowTrigger",
      "typeVersion": 1.1,
      "position": [
        0,
        0
      ],
      "id": "4f5a2284-d12e-48d7-8813-252c2cc6fac9",
      "name": "When Executed by Another Workflow"
    },
    {
      "parameters": {
        "operation": "executeQuery",
        "query": "{{ $json.query }}"
      },
      "type": "n8n-nodes-base.microsoftSql",
      "typeVersion": 1.1,
      "position": [
        220,
        0
      ],
      "id": "347c6a3f-c07e-4d71-94d8-77a4c383b0ec",
      "name": "Microsoft SQL",
      "credentials": {
        "microsoftSql": {
          "id": "JjXJ1x4iU3H1pVsm",
          "name": "Microsoft SQL account"
        }
      }
    }
  ],
  "pinData": {},
  "connections": {
    "When Executed by Another Workflow": {
      "main": [
        [
          {
            "node": "Microsoft SQL",
            "type": "main",
            "index": 0
          }
        ]
      ]
    }
  },
  "active": false,
  "settings": {
    "executionOrder": "v1"
  },
  "versionId": "fc76885b-0a7c-41dc-9507-b81c7f3e90cb",
  "meta": {
    "templateCredsSetupCompleted": true,
    "instanceId": "0c31374c8f1918fdb1b5b1da9916925499747b31753adaafeb21aab8910a238c"
  },
  "id": "qpmtosPzBjTu4KHo",
  "tags": []
}